task_id,option_id,records,positive_labels,negative_labels,positive_ratio,records_with_consensus_votes
F1QB,background_clean,325,284,41,0.8738461538461538,1
F1QB,posture_match,326,241,85,0.7392638036809815,1
F1QB,species_match,327,323,4,0.9877675840978594,1
F1QL,broken_lines,193,0,193,0.0,193
F1QL,fuzzy_lines,193,12,181,0.06217616580310881,193
F1QL,no_line_issues,193,81,112,0.41968911917098445,193
F1QL,too_thick,193,100,93,0.5181347150259067,193
F1QP,all_correct,108,38,70,0.35185185185185186,45
F1QP,extra_parts,107,17,90,0.1588785046728972,45
F1QP,missing_parts,109,29,80,0.26605504587155965,45
F1QP,wrong_location,106,7,99,0.0660377358490566,45
F1QT,bleeds_boundaries,20,0,20,0.0,0
F1QT,far_near_wrong,20,1,19,0.05,0
F1QT,inconsistent_within_elements,20,4,16,0.2,0
F1QT,missing_texture,20,10,10,0.5,0
F1QT,no_issues_good,20,5,15,0.25,0
F1QT,too_dense_cluttered,20,1,19,0.05,0
F1QT,too_similar_adjacent,20,1,19,0.05,0
F1QV,angle_match,194,194,0,1.0,194
F1QV,view_frontal,194,30,164,0.15463917525773196,194
F1QV,view_perspective,194,0,194,0.0,194
F1QV,view_side,194,162,32,0.8350515463917526,194
F1QV,view_top,194,2,192,0.010309278350515464,194
F2QB,background_clean,210,204,6,0.9714285714285714,24
F2QB,posture_match,211,0,211,0.0,24
F2QB,species_match,211,0,211,0.0,24
F2QL,broken_lines,202,24,178,0.1188118811881188,91
F2QL,fuzzy_lines,211,15,196,0.07109004739336493,91
F2QL,no_line_issues,204,147,57,0.7205882352941176,91
F2QL,too_thick,211,1,210,0.004739336492890996,91
F2QP,all_correct,166,67,99,0.4036144578313253,131
F2QP,extra_parts,171,30,141,0.17543859649122806,131
F2QP,missing_parts,170,46,124,0.27058823529411763,131
F2QP,wrong_location,171,11,160,0.06432748538011696,131
F2QT,bleeds_boundaries,211,3,208,0.014218009478672985,68
F2QT,far_near_wrong,207,2,205,0.00966183574879227,68
F2QT,inconsistent_within_elements,199,20,179,0.10050251256281408,68
F2QT,missing_texture,193,141,52,0.7305699481865285,68
F2QT,no_issues_good,209,13,196,0.06220095693779904,68
F2QT,too_dense_cluttered,210,1,209,0.004761904761904762,68
F2QT,too_similar_adjacent,210,1,209,0.004761904761904762,68
F2QV,view_frontal,206,47,159,0.22815533980582525,14
F2QV,view_match,210,210,0,1.0,14
F2QV,view_perspective,208,23,185,0.11057692307692307,14
F2QV,view_side,212,0,212,0.0,14
F2QV,view_top,213,0,213,0.0,14
F2QV,view_undefined,206,25,181,0.12135922330097088,14
F3QB,background_clean,59,56,3,0.9491525423728814,0
F3QB,object_match,59,37,22,0.6271186440677966,0
F3QB,posture_match,59,46,13,0.7796610169491526,0
F3QL,broken_lines,58,15,43,0.25862068965517243,39
F3QL,fuzzy_lines,59,11,48,0.1864406779661017,39
F3QL,no_line_issues,58,24,34,0.41379310344827586,39
F3QL,too_thick,58,11,47,0.1896551724137931,39
F3QP,all_correct,23,9,14,0.391304347826087,15
F3QP,extra_parts,23,2,21,0.08695652173913043,15
F3QP,missing_parts,23,11,12,0.4782608695652174,15
F3QP,wrong_location,23,2,21,0.08695652173913043,15
F3QT,bleeds_boundaries,59,0,59,0.0,22
F3QT,far_near_wrong,58,0,58,0.0,22
F3QT,inconsistent_within_elements,58,7,51,0.1206896551724138,22
F3QT,missing_texture,58,45,13,0.7758620689655172,22
F3QT,no_issues_good,59,5,54,0.0847457627118644,22
F3QT,too_dense_cluttered,59,1,58,0.01694915254237288,22
F3QT,too_similar_adjacent,57,0,57,0.0,22
F3QV,orientation_match,28,27,1,0.9642857142857143,28
F3QV,view_frontal,28,16,12,0.5714285714285714,28
F3QV,view_perspective,28,6,22,0.21428571428571427,28
F3QV,view_side,28,5,23,0.17857142857142858,28
F3QV,view_top,28,1,27,0.03571428571428571,28
F4QB,background_clean,34,34,0,1.0,34
F4QB,configuration_match,34,34,0,1.0,34
F4QB,object_match,34,12,22,0.35294117647058826,34
F4QL,broken_lines,95,23,72,0.24210526315789474,46
F4QL,fuzzy_lines,97,7,90,0.07216494845360824,46
F4QL,no_line_issues,96,37,59,0.3854166666666667,46
F4QL,too_thick,93,21,72,0.22580645161290322,46
F4QP,all_correct,96,26,70,0.2708333333333333,37
F4QP,extra_parts,99,15,84,0.15151515151515152,37
F4QP,missing_parts,98,38,60,0.3877551020408163,37
F4QP,wrong_location,99,5,94,0.050505050505050504,37
F4QV,orientation_match,68,62,6,0.9117647058823529,41
F4QV,view_frontal,69,34,35,0.4927536231884058,41
F4QV,view_perspective,68,10,58,0.14705882352941177,41
F4QV,view_side,69,22,47,0.3188405797101449,41
F4QV,view_top,69,0,69,0.0,41
F5QB,background_clean,20,20,0,1.0,20
F5QB,configuration_match,20,17,3,0.85,20
F5QB,object_match,20,18,2,0.9,20
F5QL,broken_lines,151,32,119,0.2119205298013245,136
F5QL,fuzzy_lines,151,1,150,0.006622516556291391,136
F5QL,no_line_issues,150,59,91,0.3933333333333333,136
F5QL,too_thick,152,55,97,0.3618421052631579,136
F5QP,all_correct,104,35,69,0.33653846153846156,47
F5QP,extra_parts,107,30,77,0.2803738317757009,47
F5QP,missing_parts,107,54,53,0.5046728971962616,47
F5QP,wrong_location,108,0,108,0.0,47
F5QT,bleeds_boundaries,45,0,45,0.0,7
F5QT,far_near_wrong,45,3,42,0.06666666666666667,7
F5QT,inconsistent_within_elements,45,14,31,0.3111111111111111,7
F5QT,missing_texture,45,17,28,0.37777777777777777,7
F5QT,no_issues_good,45,1,44,0.022222222222222223,7
F5QT,too_dense_cluttered,45,1,44,0.022222222222222223,7
F5QT,too_similar_adjacent,45,5,40,0.1111111111111111,7
F5QV,orientation_match,175,156,19,0.8914285714285715,3
F5QV,view_frontal,190,13,177,0.06842105263157895,3
F5QV,view_perspective,185,16,169,0.08648648648648649,3
F5QV,view_side,185,101,84,0.5459459459459459,3
F5QV,view_top,190,23,167,0.12105263157894737,3
F6QB,background_clean,90,67,23,0.7444444444444445,34
F6QB,configuration_match,98,19,79,0.19387755102040816,34
F6QB,object_match,88,10,78,0.11363636363636363,34
F6QL,broken_lines,98,24,74,0.24489795918367346,85
F6QL,fuzzy_lines,98,2,96,0.02040816326530612,85
F6QL,no_line_issues,98,35,63,0.35714285714285715,85
F6QL,too_thick,98,38,60,0.3877551020408163,85
F6QP,all_correct,36,1,35,0.027777777777777776,29
F6QP,extra_parts,36,16,20,0.4444444444444444,29
F6QP,missing_parts,36,15,21,0.4166666666666667,29
F6QP,wrong_location,36,0,36,0.0,29
F6QT,bleeds_boundaries,18,1,17,0.05555555555555555,1
F6QT,far_near_wrong,18,0,18,0.0,1
F6QT,inconsistent_within_elements,18,3,15,0.16666666666666666,1
F6QT,missing_texture,18,2,16,0.1111111111111111,1
F6QT,no_issues_good,18,2,16,0.1111111111111111,1
F6QT,too_dense_cluttered,18,0,18,0.0,1
F6QT,too_similar_adjacent,18,0,18,0.0,1
F6QV,orientation_match,78,39,39,0.5,18
F6QV,view_frontal,88,34,54,0.38636363636363635,18
F6QV,view_perspective,93,0,93,0.0,18
F6QV,view_side,86,6,80,0.06976744186046512,18
F6QV,view_top,92,2,90,0.021739130434782608,18
