worker_id,votes,correct,accuracy
A22YCS3UW15WOO,3591,3192,0.8889
A2FK6782M09EBO,3009,2675,0.8890
AJZHPDCKUVRM8,2713,2254,0.8308
A1SMWIBTQ2AESU,2637,2272,0.8616
A1GFLIIHEL2KVW,2489,2031,0.8160
A2NZLZLLAZYXJX,2422,2108,0.8704
A2MFNJV6MARUI,1810,1477,0.8160
AZG7LNQUXYW8V,1773,1519,0.8567
A1UR7H7FKO0ZUL,1721,1425,0.8280
ASD3A849JVVRZ,1589,1535,0.9660
A2D07SVRO4UFVL,1550,1311,0.8458
A2J1106X8NPZGP,1538,1150,0.7477
A30GP1W7S6H4VX,1497,1322,0.8831
A3CPZZ5SJWZ182,1439,937,0.6511
A1ASIOBX12Z73I,1406,1187,0.8442
AANFSTZSFMWNW,1396,1068,0.7650
A1MYCZT6OX9G20,1387,1249,0.9005
A32BQKMVUH8ZYJ,1251,868,0.6938
A1H1NFS80HT7LX,1236,1099,0.8892
A216EN2HTJUQJR,1226,910,0.7423
ALJH5865ISWT1,1218,1140,0.9360
A3MFBBVX106DGI,1137,1057,0.9296
A312G4F6TIKFFQ,1127,1005,0.8917
AM8EV600ZP69X,1119,924,0.8257
ANPPS2BP5MHDE,1105,983,0.8896
A29QXD23ZZTAZJ,1058,950,0.8979
A2M3DR0V45HNUL,1050,800,0.7619
A2QX81MMC8KN80,1027,817,0.7955
AAY4GPG1M4MQX,1027,883,0.8598
A11HKV0CDTZUQF,968,406,0.4194
A1CMJNN1QQKLU8,960,878,0.9146
A80XRGJXN2D22,957,850,0.8882
A18P8FU1N4QUWA,948,426,0.4494
A21SP66LYUNOR7,925,867,0.9373
A9O6HJE36LUC7,907,791,0.8721
A3UPEZR0XSE052,905,845,0.9337
A3834LTJK8I0Y2,904,716,0.7920
A3VCTHO95DZWAQ,903,833,0.9225
A1XT2MMWYNR9HU,873,728,0.8339
AM6XJQNLFEV4J,863,745,0.8633
A1O71XNV203T5P,858,546,0.6364
A2B6YXMDWJ4VXN,854,712,0.8337
A33I0A28TLIR6J,828,781,0.9432
A11RQ0K5GQ3NJG,818,712,0.8704
ASBG43I93VS4A,810,703,0.8679
A36H75IU3Q97QS,788,559,0.7094
A1KYZPQ0T7WECC,784,714,0.9107
A2U7UDW9Y1WGWF,777,682,0.8777
A12VYCG9CMKAFA,730,625,0.8562
A3Q1WEJV1E4SMJ,726,621,0.8554
A3OLY20VMA8SPJ,725,681,0.9393
A1ECK1JDBPPNI4,680,490,0.7206
AGQCDAB6EB6TI,678,527,0.7773
A7D1G6VBRTJMJ,667,583,0.8741
A2V3XARMPINRM8,660,639,0.9682
A3I8V1SR4ZGLCI,660,429,0.6500
A1F2YL9N7RGGBK,631,460,0.7290
A351XBS4VDRLAW,628,447,0.7118
A1807BJPF9KQGJ,623,481,0.7721
A2UM71UROTV0ZA,604,396,0.6556
A1RP7H6KLEB2D6,600,543,0.9050
A10XLF9Z0J3HN0,600,448,0.7467
A3U042Q64BVD6G,591,450,0.7614
AM68B4JJI573,586,508,0.8669
A2599EZFAW93DZ,585,553,0.9453
A16XBYWL7K7XN0,580,417,0.7190
ARYPBUQQB1HJ3,578,555,0.9602
A284MIYRBSSI2J,566,545,0.9629
A1N3QIWLGR6ZV6,502,351,0.6992
A3YMV4L5PLL2V,500,479,0.9580
A3UD3Z0MVKSLF3,492,382,0.7764
A3F293Q71V7LXQ,485,353,0.7278
AITAS2BC334WY,477,448,0.9392
A1O2MLIV0P9ZKV,477,373,0.7820
A22PT6K5XNIFLA,462,337,0.7294
A3CWVU18V57686,455,412,0.9055
A1XY37GWORQFE,447,356,0.7964
ABTQ0YV8MB0NL,444,384,0.8649
A2W5F4NJT27X57,437,335,0.7666
A1VISMPNXEK7Q3,437,331,0.7574
AWGGLWWAXQGN0,435,365,0.8391
A3O5ICTUN0AMMI,432,367,0.8495
A2GOUKG8MLUCL6,430,287,0.6674
ARBNW8MOV2Z4J,430,304,0.7070
A2GT3AN1AONTKJ,428,325,0.7593
A2JKGAWYEHJ18S,426,258,0.6056
A1RQST9UG72B9D,415,367,0.8843
A1GT7LF6A7RDO3,409,284,0.6944
A9TWYMWKN8Z9M,403,303,0.7519
A3V5PO5H524GGT,394,355,0.9010
A3PO2JR0Z93YLO,378,326,0.8624
A29LBPYZML62N8,368,303,0.8234
A1DN17VUIDE1HT,367,249,0.6785
A2ABHXG2PEW6FW,360,346,0.9611
A1OBA2OY9UKI69,356,247,0.6938
ARTQWWNFA7IOD,354,298,0.8418
A3GI74TV4G46NK,347,274,0.7896
A3700C6DDQACAF,345,268,0.7768
A1E8TZHMLQMG4L,340,305,0.8971
A1DDWUJ5R357SW,333,233,0.6997
A2L7F18WKNN5D,312,277,0.8878
A1JBN3GFY9XB3U,308,236,0.7662
AB91OPDEOAWGJ,300,288,0.9600
A152WUN3TZIFPG,299,195,0.6522
A2UZP2FRACKPK1,298,277,0.9295
A3DRKBHY7WF65Z,295,204,0.6915
A8C8T21U4O229,294,157,0.5340
A19HN15YVY9E5I,286,241,0.8427
A160C751AAPJOO,283,260,0.9187
A16SZ4YVTOTAJJ,276,184,0.6667
A26211PR4VJSYZ,273,247,0.9048
A2XTTYZIE0I9LC,272,201,0.7390
ABC7VAAL8O01O,272,194,0.7132
A2655M3JDJSKI1,270,236,0.8741
AAAPKKICN19YF,263,227,0.8631
A3FEZ9R2N978CK,261,212,0.8123
A131OURGHR3KFX,261,229,0.8774
AZ7JV8HMGBGIR,260,203,0.7808
AI9WUJHQVDAJR,254,197,0.7756
A1ORNR8N4BVVRB,246,185,0.7520
AXHDHGJRFHMRR,245,228,0.9306
A315T7JQD2V1XZ,240,192,0.8000
A2GPIHK6Z1A8F6,238,194,0.8151
A2COVQ6VRDAVYG,234,167,0.7137
AQR2JTPBB72WS,232,227,0.9784
ABLKI4PH02WER,223,195,0.8744
A3PYHRR0GPNMHM,220,218,0.9909
A2S3HRZE7RE89S,215,157,0.7302
A3JE60IF6QQS2L,214,165,0.7710
AOAMTLMPOJ7P7,203,179,0.8818
ACUA3D1ZUVZU3,202,182,0.9010
A4E6U6HTRKGPM,201,179,0.8905
AWGTBU27GNOYF,200,186,0.9300
A34V8XSJV06JFY,195,161,0.8256
A2MONDT2BU9BYA,195,169,0.8667
A2JVCSQ9671GBW,193,178,0.9223
AP4LB7P4K7M9L,186,149,0.8011
A2NX92POGATSQU,184,141,0.7663
A2S834OHCORO1W,184,172,0.9348
A3URILKJNVKSC6,177,136,0.7684
A1LO9EDDV5D7LM,177,116,0.6554
A22PGWBCLQO277,174,153,0.8793
A2EBRQ70UDVAU2,169,129,0.7633
A2YDVX56BVBEP8,169,123,0.7278
A1WGCUVQZ7ODGF,168,110,0.6548
A2HSX08DWDYJU7,167,154,0.9222
AZQWQKPSTAO,164,140,0.8537
A2I68SNRG9QUY7,164,121,0.7378
ALCWSAIQHCBCV,162,125,0.7716
A1YI3I2KCAXRHQ,159,127,0.7987
A3171TJN0M6YHQ,154,131,0.8506
A3R5K7A8US5PDE,150,97,0.6467
A1KXF2L2ZGQXJK,141,131,0.9291
A3AHE81HVRXFCD,140,126,0.9000
A38ER9Y038JJFD,140,138,0.9857
A2N9H9BHCYDR,140,101,0.7214
A5AP9GUKQUNPJ,140,95,0.6786
A2UND26FA774L9,140,101,0.7214
A3L26N6MNSU7BA,140,114,0.8143
A39U0GKFMV1S0O,140,118,0.8429
A3404IIFIN1T2H,140,103,0.7357
AA1IM0SAQ3XFM,140,140,1.0000
A2G5UCB3HJENIR,140,111,0.7929
A1LN8392JHDGL5,138,125,0.9058
AF642VCALD1MS,137,114,0.8321
A3FPAV06DR0VWR,136,124,0.9118
A112Z00MCKPS6F,136,117,0.8603
AQ310YX22A2T2,135,126,0.9333
A2THKOWH7892FP,126,102,0.8095
A1RTMB1V9GK7HM,124,109,0.8790
A1HA19WCH62BO3,124,120,0.9677
A205WBOO6VB6WP,123,109,0.8862
A23B3KN37PYNDF,120,120,1.0000
A3HYU8WSD2QPTK,120,110,0.9167
AZMQZIFTRV6ZF,120,99,0.8250
A23FQY0N3HQZ0Y,120,92,0.7667
A1QO9CJ6KFDWQJ,120,84,0.7000
A23HL48WA6J7WR,120,96,0.8000
A35G1L6FBGTGDW,119,99,0.8319
AVFCPG1MM0ZZ4,116,115,0.9914
A3AYHESLQSDY5T,114,93,0.8158
AK9GL4SZ2RXF6,114,82,0.7193
A2IXXN84YF5S48,112,96,0.8571
ARSYPIB62OGI8,110,108,0.9818
AZTAPCOD2Y512,110,82,0.7455
AGMJRRLCQ63YX,110,87,0.7909
A335M3FZJKR2NF,109,80,0.7339
A3MDTRJTDIDNX,108,99,0.9167
A2NY36EXI40OJV,108,100,0.9259
A2KDWBYIB444C2,105,101,0.9619
A376G1BHIGNA85,105,78,0.7429
A3AFVXIRCJ7794,105,76,0.7238
A3SA9LY6RXKFOI,100,92,0.9200
A1KKY370WV8Z2Z,98,85,0.8673
A5U2H7ESAXLEH,92,61,0.6630
A3HWOXJTKFRYPA,89,62,0.6966
A3370LDRBVZ48T,88,74,0.8409
A3W5DPQRF08VG5,85,44,0.5176
A3KVIZLKSASAES,84,78,0.9286
A1YSDHTRI6QMNA,84,61,0.7262
A1GM9I79BEONVI,84,69,0.8214
A2MTRSPP07E2OY,80,61,0.7625
A10E5WEL6AI08W,80,47,0.5875
A4LR95YJIE5IK,78,68,0.8718
A2E5578HI0Z7GM,78,56,0.7179
A1BXXN8VH29FQ1,77,63,0.8182
A2K4H1GBT2BUBT,77,55,0.7143
A22S7SM9575Y6L,75,50,0.6667
A2A8S4DKZITZDV,72,62,0.8611
A19GO3CWPT0AXQ,72,72,1.0000
A26XG9S2VM1JG1,71,51,0.7183
A26H0VJX43ABUC,70,30,0.4286
AQIGIEPFC5IWT,70,44,0.6286
A3ENZZK73S5C9Z,70,44,0.6286
A22W8G61RFRSXV,70,63,0.9000
A1XWQ3XI0GVRYG,70,42,0.6000
A1VPQ3PG2ZNIJN,70,38,0.5429
A1J68X18JL0EXY,70,52,0.7429
A34KEFUJ6YBIBC,70,62,0.8857
A2GREARJHXCC1S,70,65,0.9286
A3G01OPC6AANGR,70,69,0.9857
A3MWJGJYGPQMDH,70,64,0.9143
A218UVWDK1BZ0K,70,59,0.8429
A3OV88BGLY552N,68,53,0.7794
A28LG4BVBNFE88,68,52,0.7647
A2TSG6O8FN83XG,66,60,0.9091
A2CRT2Y3ZQQP8,62,42,0.6774
A1WUFTLWVWX8BU,60,53,0.8833
A28GJANLU1IV3X,60,56,0.9333
A190D26EGU3604,60,44,0.7333
A1TNF9Q4I9MJ8B,60,39,0.6500
A9380GKZM50GU,60,57,0.9500
A1OZMR9ZDILT97,60,24,0.4000
A310C05L3L2V52,56,51,0.9107
A39A32QMDB9QC2,55,47,0.8545
A3T3N4F3J22LG3,55,41,0.7455
A3JEBV791DHRZL,52,52,1.0000
A16TN9IF4J115Q,50,46,0.9200
A2EGHTES84V3RD,49,36,0.7347
A2LYCHXS3CLKZR,49,41,0.8367
AL91A2A0E07SR,48,40,0.8333
A2Y0HZSZTQAVDW,45,40,0.8889
A3HLL9X0R84HHH,44,42,0.9545
AUHR4P3FFMBBO,44,34,0.7727
A2F2MA8JDO0ETG,44,34,0.7727
ATDPBK7CL44VW,44,36,0.8182
A3TQB5QGNAFIHS,43,35,0.8140
A1Q5JN3I3PWOT7,42,34,0.8095
A2TAWQW3SP0NXW,40,22,0.5500
AAISLVE5U7EPM,40,40,1.0000
A1UAC2OZSP7WZG,40,38,0.9500
A2F97GEQ7ZZ1BO,40,35,0.8750
A2E33ZOGGH8T1,37,30,0.8108
A1DIU7FKL9G7A7,36,26,0.7222
A2Z4SX6MOPIZUZ,36,33,0.9167
A27CVQSDPESFN6,33,28,0.8485
A1VNJ8O5VH5WOY,32,28,0.8750
A1MNEFM7KEQ756,30,27,0.9000
A2V2OIEYAWJSTV,30,28,0.9333
A3CERM4XO4F0RX,30,10,0.3333
A1Z16XZN9X4QKW,30,10,0.3333
A1NUQE481FNPZV,30,18,0.6000
A1P9AVYDP4GI76,30,23,0.7667
A28XN4LO3H14VG,30,7,0.2333
A3MLZYWTWDPISI,30,27,0.9000
A1QJKZR8FXJS7A,30,13,0.4333
A2TEFH053AA2PB,30,18,0.6000
A4R795RSCUU4I,30,19,0.6333
A1QOYLUFHS5ZID,30,22,0.7333
A1DB491REDJH86,30,10,0.3333
A133R2FFFAX4X3,30,27,0.9000
A3EVXA7XH9RTK4,30,19,0.6333
A3NK62VTTBBL2S,30,14,0.4667
A3M00AM1PKY1X5,30,27,0.9000
A2XQ01SU9Q5S7H,30,16,0.5333
ALRO7C14ZHI79,30,11,0.3667
ASTW16FMHN8W7,30,22,0.7333
A3U9K4GQEFF2CU,30,13,0.4333
A2ACTLP33YPKIM,30,29,0.9667
A3P6QMO0805I8F,30,28,0.9333
A2E1PL4A2EQNNB,30,18,0.6000
A1XPHEIG43TNAK,30,19,0.6333
A8JT6BED7EL6D,30,26,0.8667
A2JIQ4HENWPZ7P,30,16,0.5333
A3LQEHAP40NPF,30,7,0.2333
A3MYIJMVK79WXH,30,14,0.4667
A2NDG5FO7BCAE5,30,30,1.0000
A1P557XDQ2SID7,30,22,0.7333
AXKXVUS9RU633,30,27,0.9000
ADE24F2LKZ61M,30,25,0.8333
AKLPPGSTDS3DF,28,19,0.6786
A6MP63IQIESJE,28,26,0.9286
A15QVZHXJYWO31,28,20,0.7143
AVD2UYTGBHBV6,28,22,0.7857
A1YYSP9V06VKFF,27,24,0.8889
A3DWMMNEZJ07GL,27,14,0.5185
A1OQ4WMWA6WCUV,27,20,0.7407
A3XNJW1NJ13Y9,27,16,0.5926
A1WFMSRVEVM859,25,25,1.0000
A2U4DQEDXF21LE,25,20,0.8000
A3IAZNPRZZYE0X,24,16,0.6667
A2P8ZQJMDB6X9U,21,19,0.9048
AR4ZC7W24ZSIS,21,14,0.6667
A2NQZ2QIHRXC8A,21,19,0.9048
A1VACFTIOQSLJV,21,14,0.6667
A1BJ4MMYJK34MI,20,7,0.3500
ASQMLIQ5V977T,20,10,0.5000
A18RE5R6EFUXNA,19,18,0.9474
AZS2F58J4AO29,16,16,1.0000
A2MAWXC6AL9N7F,16,11,0.6875
AOX1AK6ABQMCX,15,13,0.8667
A2VMQ3OKPH6O98,15,13,0.8667
A2BS3X3S0BBX83,14,14,1.0000
AJWPBPDBA3NAX,12,12,1.0000
A2IHW1YP9E719P,12,8,0.6667
AV80YFI6XESM3,12,10,0.8333
A1HHP5MPUQ71AD,12,10,0.8333
AQWVH7BKL5NEZ,10,9,0.9000
A13IOL24C8KF3Y,10,9,0.9000
A35ZVN8ZE9M60P,10,8,0.8000
A3RDY4TFHRI1MQ,9,8,0.8889
AC92JOAQIRPU2,8,8,1.0000
A3D7P3GJVOC3AF,8,8,1.0000
A2NPZQ3U80LPVO,8,6,0.7500
A1PU2YNAJ7YXWH,7,4,0.5714
A1F46UWB4WTODZ,7,4,0.5714
AZ0KS5UTO3EJ2,7,5,0.7143
A3T8SYDFYUEFMA,6,6,1.0000
A1NOJ4SWW8WBJU,5,5,1.0000
A1AFLUR3ASLQMN,4,4,1.0000
A76L63HZDWZSR,2,2,1.0000
